{
  "baseline": {
    "val": {
      "MAE": 0.9077512607992202,
      "MSE": 1.3391729040826106,
      "RMSE": 1.157226384110996,
      "R2": -0.0007131432421394468
    },
    "test": {
      "MAE": 0.9030725589993411,
      "MSE": 1.3105488376677072,
      "RMSE": 1.1447920499670265,
      "R2": -3.1297562134824375e-05
    }
  },
  "LinearRegression": {
    "val": {
      "MAE": 0.530725720766717,
      "MSE": 0.5158121526764325,
      "RMSE": 0.718200635391276,
      "R2": 0.6145531327181892
    },
    "test": {
      "MAE": 0.5354063956726012,
      "MSE": 0.5371384393650928,
      "RMSE": 0.7328972911432357,
      "R2": 0.5901295434020515
    }
  },
  "Ridge": {
    "val": {
      "MAE": 0.5306497453867265,
      "MSE": 0.5159428779931587,
      "RMSE": 0.7182916385376895,
      "R2": 0.61445544664479
    },
    "test": {
      "MAE": 0.5353274517841219,
      "MSE": 0.537047823683603,
      "RMSE": 0.7328354683580777,
      "R2": 0.5901986888737311
    },
    "alpha": 17.78279410038923
  },
  "Lasso": {
    "val": {
      "MAE": 0.5310843196697418,
      "MSE": 0.5162837587958157,
      "RMSE": 0.7185288851506358,
      "R2": 0.614200719343739
    },
    "test": {
      "MAE": 0.5355958620244062,
      "MSE": 0.5369388001700012,
      "RMSE": 0.7327610798684665,
      "R2": 0.5902818806805821
    },
    "alpha": 0.0031622776601683794
  }
}