{
  "sweep": {
    "2": {
      "inertia": 2847.717987441537,
      "silhouette": 0.6003760086382643
    },
    "3": {
      "inertia": 1417.1244140798117,
      "silhouette": 0.600122908634835
    },
    "4": {
      "inertia": 442.6037051763936,
      "silhouette": 0.7147062626021561
    },
    "5": {
      "inertia": 405.874251080111,
      "silhouette": 0.6023664885465935
    },
    "6": {
      "inertia": 369.91887694908223,
      "silhouette": 0.4961122240549189
    },
    "7": {
      "inertia": 337.05029316576884,
      "silhouette": 0.369010652935791
    },
    "8": {
      "inertia": 309.53641725745797,
      "silhouette": 0.2560075512296864
    },
    "9": {
      "inertia": 298.37351951783126,
      "silhouette": 0.24536431597899885
    },
    "10": {
      "inertia": 288.37033525728816,
      "silhouette": 0.23158716172743163
    }
  },
  "best_k": 4,
  "ari": 1.0,
  "per_cluster_means": {
    "0": {
      "annual_spend_k_usd": 0.7882623667364271,
      "visits_per_month": 1.239791370621213,
      "avg_basket_usd": 25.15149981864343,
      "recency_days": 19.60908014626438,
      "tenure_months": 5.736664925941167
    },
    "1": {
      "annual_spend_k_usd": 8.967929827149318,
      "visits_per_month": 8.090347398863805,
      "avg_basket_usd": 140.3992926159885,
      "recency_days": 4.976905856917751,
      "tenure_months": 30.08001462675498
    },
    "2": {
      "annual_spend_k_usd": 3.508788300052854,
      "visits_per_month": 3.9188177152779007,
      "avg_basket_usd": 69.85941841738646,
      "recency_days": 89.85821091642879,
      "tenure_months": 20.015091468304853
    },
    "3": {
      "annual_spend_k_usd": 1.212163300905024,
      "visits_per_month": 6.082347172383369,
      "avg_basket_usd": 29.21032764837564,
      "recency_days": 180.4416221415393,
      "tenure_months": 4.156984418100302
    }
  },
  "per_cluster_share": {
    "0": 0.25,
    "1": 0.25,
    "2": 0.25,
    "3": 0.25
  }
}